LatGrid,LonGrid,Count,Gi_star_z,Hotspot_Class
24,-82,363,5.819326038900466,Hot Spot (99%)
24,-81,52,7.475512482444888,Hot Spot (99%)
25,-98,152,-0.5846056493998124,Not Significant
25,-82,15,7.895927590638878,Hot Spot (99%)
25,-81,72116,3.0964076577500084,Hot Spot (99%)
26,-100,4,-0.7478414447884059,Not Significant
26,-99,352,-0.6424180809102096,Not Significant
26,-98,434,-0.7551223373544899,Not Significant
26,-83,624,6.809284856113644,Hot Spot (99%)
26,-82,2542,7.42374463827629,Hot Spot (99%)
26,-81,40122,6.14467045772804,Hot Spot (99%)
27,-100,186,-0.7365204536191736,Not Significant
27,-99,30,-0.6986336284343777,Not Significant
27,-98,943,-0.1515435823693503,Not Significant
27,-83,25889,4.603303936266904,Hot Spot (99%)
27,-82,1231,6.9022223660766695,Hot Spot (99%)
27,-81,4242,7.208971389186938,Hot Spot (99%)
28,-101,6,-0.8254751087229621,Not Significant
28,-100,618,-0.7569857025575656,Not Significant
28,-99,618,-0.6419619729609586,Not Significant
28,-98,569,-0.07187223402663455,Not Significant
28,-97,90,0.3372693171405535,Not Significant
28,-96,116,0.635906752807819,Not Significant
28,-83,6970,3.848946110222394,Hot Spot (99%)
28,-82,29134,2.6170952207846607,Hot Spot (99%)
28,-81,4688,6.004327830256715,Hot Spot (99%)
29,-105,9,-0.7315689580416601,Not Significant
29,-102,19,-0.9162313419870745,Not Significant
29,-101,87,-0.9080542658718538,Not Significant
29,-100,138,-0.6968356541507558,Not Significant
29,-99,6014,-0.52397896803261,Not Significant
29,-98,1039,0.25651438379495295,Not Significant
29,-97,1245,0.7204369950594736,Not Significant
29,-96,19325,-0.49305562506612927,Not Significant
29,-95,884,0.3366107995609332,Not Significant
29,-94,75,0.2768390881573547,Not Significant
29,-93,96,0.28372723049983684,Not Significant
29,-92,109,0.008755497310943612,Not Significant
29,-91,4532,-0.2904384531076349,Not Significant
29,-90,410,-0.11994885087058445,Not Significant
29,-86,33,-0.6118835387624817,Not Significant
29,-85,25,0.216903640986365,Not Significant
29,-84,14,1.3789278049189826,Not Significant
29,-83,2611,1.840865558589863,Hot Spot (90%)
29,-82,4563,2.29734057224146,Hot Spot (95%)
29,-81,175,3.5589409389263618,Hot Spot (99%)
30,-105,7,-0.9050487950502532,Not Significant
30,-104,10,-1.005397803415853,Not Significant
30,-103,64,-1.1167979937900434,Not Significant
30,-102,59,-1.1530834458666932,Not Significant
30,-101,58,-0.9561068918903947,Not Significant
30,-100,111,-0.6062049875403253,Not Significant
30,-99,410,0.0010881990554192054,Not Significant
30,-98,4946,0.4593036420616261,Not Significant
30,-97,688,1.0555369170731503,Not Significant
30,-96,2089,0.8719447727302596,Not Significant
30,-95,391,0.5228653491786099,Not Significant
30,-94,1818,-0.09014956752219593,Not Significant
30,-93,3936,-0.45128406505370217,Not Significant
30,-92,5486,-0.49305417402180474,Not Significant
30,-91,3777,-0.3616393136162075,Not Significant
30,-90,936,-0.3502057963953235,Not Significant
30,-89,951,-0.47899550104044003,Not Significant
30,-88,2258,-0.7903505609896666,Not Significant
30,-87,678,-0.7439164962528869,Not Significant
30,-86,1204,-0.8281061129062363,Not Significant
30,-85,1777,-0.18205393022565086,Not Significant
30,-84,251,0.2579812717729044,Not Significant
30,-83,339,1.1187976458576152,Not Significant
30,-82,6405,0.5917735371389099,Not Significant
31,-107,1432,-0.9451926405056397,Not Significant
31,-106,914,-1.009516013946473,Not Significant
31,-105,200,-1.0644063679280171,Not Significant
31,-104,349,-1.1621238621574954,Not Significant
31,-103,446,-1.2471550949041539,Not Significant
31,-102,644,-1.2666080978485756,Not Significant
31,-101,145,-1.1306191003316266,Not Significant
31,-100,92,-0.6503625199986328,Not Significant
31,-99,138,0.1700293714160712,Not Significant
31,-98,2108,0.9328064438454744,Not Significant
31,-97,687,1.1414736063596582,Not Significant
31,-96,549,0.7616611994472892,Not Significant
31,-95,330,0.19803838126551077,Not Significant
31,-94,234,-0.3176898312346156,Not Significant
31,-93,403,-0.44938427747998605,Not Significant
31,-92,140,-0.5042552997379881,Not Significant
31,-91,210,-0.5527867243114036,Not Significant
31,-90,365,-0.6761539451620338,Not Significant
31,-89,54,-0.7610610294881616,Not Significant
31,-88,186,-0.8864840328161341,Not Significant
31,-87,222,-0.37232852097320157,Not Significant
31,-86,225,-0.2800572892193625,Not Significant
31,-85,127,-0.19615531736806494,Not Significant
31,-84,286,-0.09031315123354926,Not Significant
31,-83,236,0.021508668919207975,Not Significant
31,-82,457,0.19391332088397656,Not Significant
31,-81,1,-0.2653326907073603,Not Significant
32,-118,5387,2.6000443278520042,Hot Spot (99%)
32,-117,913,1.7908889999158055,Hot Spot (90%)
32,-116,53,0.1928041769935203,Not Significant
32,-115,314,1.3168285035265466,Not Significant
32,-114,32,2.935198723032961,Hot Spot (99%)
32,-113,53,4.142982220811684,Hot Spot (99%)
32,-112,736,3.58549648619131,Hot Spot (99%)
32,-111,1242,2.3003142529277323,Hot Spot (95%)
32,-110,87,-0.16508632809125945,Not Significant
32,-109,760,-0.9842366903628169,Not Significant
32,-108,597,-0.9915218785460413,Not Significant
32,-107,215,-1.011700842387045,Not Significant
32,-106,84,-1.1225402351101437,Not Significant
32,-105,129,-1.2338891997638515,Not Significant
32,-104,374,-1.2778511002358588,Not Significant
32,-103,139,-1.3034402268010694,Not Significant
32,-102,534,-1.2972414752499617,Not Significant
32,-101,280,-1.0800244336341362,Not Significant
32,-100,178,-0.4566872962847881,Not Significant
32,-99,453,0.21580855911217267,Not Significant
32,-98,11677,0.2091275144342401,Not Significant
32,-97,17133,-0.06262436484913005,Not Significant
32,-96,826,0.8076866187052041,Not Significant
32,-95,1158,0.0033621117426168106,Not Significant
32,-94,741,-0.3600034973413203,Not Significant
32,-93,470,-0.6222496266397373,Not Significant
32,-92,333,-0.6386436920582443,Not Significant
32,-91,832,-0.6379384126591269,Not Significant
32,-90,423,-0.9075515120720913,Not Significant
32,-89,153,-0.9117644152637169,Not Significant
32,-88,106,-0.8777180937902204,Not Significant
32,-87,591,-0.21233238297513116,Not Significant
32,-86,974,0.05132559748711319,Not Significant
32,-85,956,0.24548845041678663,Not Significant
32,-84,1545,0.1346839919769975,Not Significant
32,-83,378,0.038137677907621584,Not Significant
32,-82,1421,-0.4464220889279816,Not Significant
32,-81,638,-0.5000778777314142,Not Significant
32,-80,377,-0.5132477206690265,Not Significant
33,-119,10621,2.9845341012396798,Hot Spot (99%)
33,-118,20136,1.7510018231757456,Hot Spot (90%)
33,-117,303,1.767389533443883,Hot Spot (90%)
33,-116,53,1.6037095535523425,Not Significant
33,-115,230,1.8087870523972374,Hot Spot (90%)
33,-114,60,2.978904326747085,Hot Spot (99%)
33,-113,69690,0.06312674318094409,Not Significant
33,-112,24567,2.292324351142222,Hot Spot (95%)
33,-111,127,2.152960905974611,Hot Spot (95%)
33,-110,61,1.0887822232350066,Not Significant
33,-109,15,-0.5686694179393957,Not Significant
33,-108,53,-1.1093047895607602,Not Significant
33,-107,17,-1.1305272882605835,Not Significant
33,-106,167,-1.1872059698537314,Not Significant
33,-105,13,-1.2502814657251617,Not Significant
33,-104,26,-1.2894482498460629,Not Significant
33,-103,125,-1.2889373139969977,Not Significant
33,-102,121,-1.2849410928106417,Not Significant
33,-101,46,-1.251825411872594,Not Significant
33,-100,203,-0.683191426283244,Not Significant
33,-99,140,-0.023462722519613385,Not Significant
33,-98,1008,0.5184784549742625,Not Significant
33,-97,5026,0.37036110624471913,Not Significant
33,-96,412,0.32730272160363016,Not Significant
33,-95,365,-0.2782193350531034,Not Significant
33,-94,390,-0.6971550690708005,Not Significant
33,-93,780,-0.7181459297798338,Not Significant
33,-92,532,-0.7586454486107718,Not Significant
33,-91,407,-0.8605520649069389,Not Significant
33,-90,470,-1.054409049821649,Not Significant
33,-89,454,-0.9805544790550461,Not Significant
33,-88,575,-0.4704752100539152,Not Significant
33,-87,2064,-0.20324048378263315,Not Significant
33,-86,1261,0.33243776105172534,Not Significant
33,-85,21290,-0.4727695519209584,Not Significant
33,-84,1691,0.49526955642279896,Not Significant
33,-83,628,0.1930126801644635,Not Significant
33,-82,1537,0.05820877683421683,Not Significant
33,-81,883,-0.34581892562409194,Not Significant
33,-80,613,-0.3817879101832602,Not Significant
33,-79,628,-0.5005359693511272,Not Significant
34,-121,644,1.5392209533346752,Not Significant
34,-120,2489,2.5469254874330374,Hot Spot (95%)
34,-119,28033,1.4213612715520252,Not Significant
34,-118,12816,1.903633785879944,Hot Spot (90%)
34,-117,362,1.353057757943093,Not Significant
34,-116,12,0.2666636616766288,Not Significant
34,-115,514,0.7297579865745933,Not Significant
34,-114,24,1.8537763023822391,Hot Spot (90%)
34,-113,199,2.8328992390351626,Hot Spot (99%)
34,-112,285,2.425766501571514,Hot Spot (95%)
34,-111,208,1.3743423238098837,Not Significant
34,-110,118,-0.6406867259988447,Not Significant
34,-109,14,-1.2160995964854162,Not Significant
34,-108,43,-1.1920558947910385,Not Significant
34,-107,321,-1.1821434758623803,Not Significant
34,-106,92,-1.2218758104739924,Not Significant
34,-105,20,-1.2753718404157026,Not Significant
34,-104,179,-1.2965999933166623,Not Significant
34,-103,34,-1.281834298237122,Not Significant
34,-102,32,-1.2568178469524225,Not Significant
34,-101,105,-1.2402568429901628,Not Significant
34,-100,89,-0.8114624224554476,Not Significant
34,-99,930,-0.23211252660812015,Not Significant
34,-98,1447,0.14873556719618702,Not Significant
34,-97,708,0.23055274577012477,Not Significant
34,-96,610,0.1799594799575643,Not Significant
34,-95,347,-0.26681440648094734,Not Significant
34,-94,784,-0.7176479043989432,Not Significant
34,-93,5398,-0.9410399229480356,Not Significant
34,-92,331,-0.762688310514549,Not Significant
34,-91,234,-0.852930745876131,Not Significant
34,-90,385,-0.9077681761413239,Not Significant
34,-89,386,-0.8995403456707167,Not Significant
34,-88,602,-0.7668838482048153,Not Significant
34,-87,2030,-0.18418942066372115,Not Significant
34,-86,1472,0.23659286026929438,Not Significant
34,-85,3524,0.41684787952217556,Not Significant
34,-84,1723,0.3936975232961165,Not Significant
34,-83,1134,0.310837531052853,Not Significant
34,-82,1831,-0.18039224114801305,Not Significant
34,-81,879,-0.19484900540991834,Not Significant
34,-80,533,-0.21664826520727876,Not Significant
34,-79,554,-0.35734644902307366,Not Significant
34,-78,459,-0.3924928100972671,Not Significant
35,-122,165,0.8801839674328333,Not Significant
35,-121,1072,1.3517432755449121,Not Significant
35,-120,2160,1.745931400799378,Hot Spot (90%)
35,-119,936,1.8738816543146373,Hot Spot (90%)
35,-118,127,1.5770682918191026,Not Significant
35,-117,5,0.7325822005634772,Not Significant
35,-116,10,-0.5560051452203144,Not Significant
35,-115,166,0.14994371042969637,Not Significant
35,-114,66,1.0062183107755907,Not Significant
35,-113,119,1.2622569125554957,Not Significant
35,-112,750,1.132514466789469,Not Significant
35,-111,32,0.8034062121339142,Not Significant
35,-110,53,-0.7357417717893919,Not Significant
35,-109,514,-1.2334031386924078,Not Significant
35,-108,664,-1.1861250298749932,Not Significant
35,-107,2232,-1.222393973711076,Not Significant
35,-106,278,-1.1451816123641854,Not Significant
35,-105,213,-1.0841924735301103,Not Significant
35,-104,238,-1.2209265024717368,Not Significant
35,-103,51,-1.24794455208014,Not Significant
35,-102,2052,-1.3716600781722417,Not Significant
35,-101,98,-1.1555219676635997,Not Significant
35,-100,126,-1.0113332510687787,Not Significant
35,-99,126,-0.7034097502583868,Not Significant
35,-98,5342,-0.5975195238031705,Not Significant
35,-97,435,-0.16240173283667747,Not Significant
35,-96,876,-0.5575144625657664,Not Significant
35,-95,1536,-0.5639469540941494,Not Significant
35,-94,847,-0.7371129974849709,Not Significant
35,-93,1213,-0.7682313081617438,Not Significant
35,-92,506,-0.7936442252003643,Not Significant
35,-91,2354,-0.8892853387718648,Not Significant
35,-90,1005,-1.0231528029513275,Not Significant
35,-89,686,-0.8990450150797059,Not Significant
35,-88,319,-0.7758285407962277,Not Significant
35,-87,1099,-0.22231446492760068,Not Significant
35,-86,1729,-0.0008594311034468472,Not Significant
35,-85,543,0.234528062964385,Not Significant
35,-84,1403,0.20576417381017328,Not Significant
35,-83,2436,0.1775337608342014,Not Significant
35,-82,5895,-0.2617007678535394,Not Significant
35,-81,5415,-0.29094157611383015,Not Significant
35,-80,756,-0.042135710949859136,Not Significant
35,-79,3770,-0.21734730262028354,Not Significant
35,-78,506,0.15830271679424598,Not Significant
35,-77,47,-0.14457718358767657,Not Significant
35,-76,95,-0.12804712574255503,Not Significant
36,-123,301,1.6221799863588904,Not Significant
36,-122,3009,1.041312523323746,Not Significant
36,-121,1743,1.2760661284184986,Not Significant
36,-120,2847,0.7786763652898268,Not Significant
36,-119,238,0.6392039568108617,Not Significant
36,-118,35,0.48439150687148597,Not Significant
36,-116,310,-1.0613776725789457,Not Significant
36,-115,117,-1.3054543571464152,Not Significant
36,-114,258,-1.2456790750881541,Not Significant
36,-113,5,0.14966808955808317,Not Significant
36,-112,22,-0.7957081355928476,Not Significant
36,-111,99,-1.3198557073123238,Not Significant
36,-110,108,-1.274106555226134,Not Significant
36,-109,123,-1.1912265123955987,Not Significant
36,-108,39,-1.0569454036668835,Not Significant
36,-107,169,-0.9178789766244154,Not Significant
36,-106,320,-0.6657952688153732,Not Significant
36,-105,1040,-0.59874235157355,Not Significant
36,-104,3,-1.0795469099855277,Not Significant
36,-103,152,-1.1439578881245973,Not Significant
36,-102,43,-1.2396942753009255,Not Significant
36,-101,110,-1.2464372285858847,Not Significant
36,-100,136,-1.0185588553905496,Not Significant
36,-99,301,-0.8993217172415505,Not Significant
36,-98,1100,-0.7325726162016261,Not Significant
36,-97,1343,-0.5602160018507923,Not Significant
36,-96,1777,-0.6655727006125428,Not Significant
36,-95,1028,-0.6608998808631648,Not Significant
36,-94,581,-0.7865640590674017,Not Significant
36,-93,470,-0.7400900580752577,Not Significant
36,-92,263,-0.8145043899922181,Not Significant
36,-91,594,-0.8523760858994676,Not Significant
36,-90,337,-0.9162564822370498,Not Significant
36,-89,438,-0.8766751055581614,Not Significant
36,-88,490,-0.833745864179498,Not Significant
36,-87,2362,-0.4742834765552781,Not Significant
36,-86,515,-0.5189951440178671,Not Significant
36,-85,528,0.002460891212869574,Not Significant
36,-84,577,-0.3333994279006805,Not Significant
36,-83,438,-0.23556435014794705,Not Significant
36,-82,629,-0.20563409181829143,Not Significant
36,-81,2284,-0.20598174028725724,Not Significant
36,-80,1902,0.26156126623695775,Not Significant
36,-79,992,0.40326575196877823,Not Significant
36,-78,766,0.5870193475693335,Not Significant
36,-77,3498,0.577494211709094,Not Significant
36,-76,46,1.0906403008104424,Not Significant
37,-123,18056,0.5956547719667253,Not Significant
37,-122,7514,1.1460948144086196,Not Significant
37,-121,3116,0.7576803743596792,Not Significant
37,-120,1419,0.23956559216237028,Not Significant
37,-119,921,-0.06934456819276509,Not Significant
37,-118,217,-0.7653431271716161,Not Significant
37,-117,96,-1.2916099370104899,Not Significant
37,-116,34,-1.282679567997398,Not Significant
37,-115,205,-1.2669923568349037,Not Significant
37,-114,358,-1.2958549661389336,Not Significant
37,-113,297,-1.2876070011542164,Not Significant
37,-111,4,-1.2998320889052755,Not Significant
37,-110,41,-1.2059864585715876,Not Significant
37,-109,583,-1.084340207274848,Not Significant
37,-108,1320,-0.7227332124313933,Not Significant
37,-107,682,0.05163313669224314,Not Significant
37,-106,621,0.29338897915350065,Not Significant
37,-105,741,0.26134321859966053,Not Significant
37,-104,140,-0.04840404808182472,Not Significant
37,-103,188,-0.6008033059710407,Not Significant
37,-102,243,-1.2688606339565114,Not Significant
37,-101,531,-1.2658172697360661,Not Significant
37,-100,223,-1.1002415772111094,Not Significant
37,-99,100,-0.9631168354325377,Not Significant
37,-98,2259,-0.8789386013603931,Not Significant
37,-97,414,-0.5519039341128753,Not Significant
37,-96,577,-0.5370849455872904,Not Significant
37,-95,493,-0.6567266363144216,Not Significant
37,-94,565,-0.8259650036217755,Not Significant
37,-93,192,-0.7398909313687124,Not Significant
37,-92,93,-0.9785858001665776,Not Significant
37,-91,58,-0.9316761590915654,Not Significant
37,-90,542,-0.9768714662805149,Not Significant
37,-89,382,-0.6386959644773847,Not Significant
37,-88,586,-0.52447555005868,Not Significant
37,-87,176,-0.11434857680369198,Not Significant
37,-86,620,-0.04647330659597105,Not Significant
37,-85,969,0.026824509179306098,Not Significant
37,-84,539,-0.21381533598828878,Not Significant
37,-83,548,-0.21132541260765952,Not Significant
37,-82,1026,-0.3320240732887246,Not Significant
37,-81,1349,0.12785010787876036,Not Significant
37,-80,2469,0.6326728327717389,Not Significant
37,-79,771,1.1785099377593402,Not Significant
37,-78,6396,1.7831483718928265,Hot Spot (90%)
37,-77,2351,2.3915691691455554,Hot Spot (95%)
37,-76,451,2.8170282256559314,Hot Spot (99%)
38,-124,769,1.1560965450130962,Not Significant
38,-123,5199,1.1133049739768284,Not Significant
38,-122,7443,0.8227629432906117,Not Significant
38,-121,2700,0.6260425569245743,Not Significant
38,-120,901,-0.07607104561828293,Not Significant
38,-119,79,-0.6547956088151199,Not Significant
38,-118,41,-1.090130370573899,Not Significant
38,-117,6,-1.2919753821948206,Not Significant
38,-116,23,-1.292466993502186,Not Significant
38,-115,29,-1.2759478102478037,Not Significant
38,-113,190,-1.2040268372129705,Not Significant
38,-112,49,-1.1893817002670923,Not Significant
38,-111,4,-1.2330480839535438,Not Significant
38,-110,225,-1.1734122730983974,Not Significant
38,-109,412,-1.111195873422754,Not Significant
38,-108,552,-0.4489526130232771,Not Significant
38,-107,635,0.547162536252764,Not Significant
38,-106,679,1.016467861585347,Not Significant
38,-105,5088,0.7833079000191975,Not Significant
38,-104,457,0.45519022213822313,Not Significant
38,-103,433,-0.42455787913710785,Not Significant
38,-102,111,-1.1512689885739307,Not Significant
38,-101,33,-1.3090360535219507,Not Significant
38,-100,266,-1.24385822243692,Not Significant
38,-99,267,-1.1339215813520436,Not Significant
38,-98,106,-0.8139703711030388,Not Significant
38,-97,478,-0.7078866417784384,Not Significant
38,-96,620,-0.5786200661220589,Not Significant
38,-95,2479,-0.75747895031375,Not Significant
38,-94,177,-0.6894590703883732,Not Significant
38,-93,278,-0.9139917374361756,Not Significant
38,-92,259,-0.9549786676485232,Not Significant
38,-91,4240,-1.1645950182196314,Not Significant
38,-90,384,-0.9703932833174779,Not Significant
38,-89,450,-0.4032409736151839,Not Significant
38,-88,564,0.48661149013801525,Not Significant
38,-87,815,0.18405411413397704,Not Significant
38,-86,2664,0.29545983572009094,Not Significant
38,-85,2512,0.26437318437029395,Not Significant
38,-84,623,-0.10267760014289479,Not Significant
38,-83,624,0.001005129759103016,Not Significant
38,-82,683,0.3701963066284988,Not Significant
38,-81,139,0.7191527121399858,Not Significant
38,-80,305,1.2721416498106426,Not Significant
38,-79,1638,2.455577411983223,Hot Spot (95%)
38,-78,17754,3.02169629475189,Hot Spot (99%)
38,-77,5873,5.014731246873738,Hot Spot (99%)
38,-76,2643,7.966105876771138,Hot Spot (99%)
38,-75,83,9.153832620078395,Hot Spot (99%)
39,-124,908,0.5376525743902343,Not Significant
39,-123,876,0.7088275431345885,Not Significant
39,-122,2172,0.5486311132238393,Not Significant
39,-121,2306,0.24049695471515997,Not Significant
39,-120,2718,-0.5116487750347374,Not Significant
39,-119,168,-0.9354254054284868,Not Significant
39,-118,157,-1.205899965519764,Not Significant
39,-117,2,-1.2502446123807995,Not Significant
39,-116,80,-1.3135288554336955,Not Significant
39,-115,118,-1.2764361353864677,Not Significant
39,-113,61,-1.1223794358135013,Not Significant
39,-112,107,-1.1011226702753814,Not Significant
39,-111,23,-1.1158358418982592,Not Significant
39,-110,11,-1.0987012566763366,Not Significant
39,-109,445,-0.8153582970078401,Not Significant
39,-108,1999,-0.08967897505233283,Not Significant
39,-107,2326,0.6745875378422688,Not Significant
39,-106,15640,0.6189255281377883,Not Significant
39,-105,24340,0.19198682945892293,Not Significant
39,-104,606,0.7718588848476022,Not Significant
39,-103,136,-0.052333892907954635,Not Significant
39,-102,67,-0.8062284449879538,Not Significant
39,-101,204,-1.3213094984846074,Not Significant
39,-100,139,-1.2567952704642436,Not Significant
39,-99,118,-1.1326623844833936,Not Significant
39,-98,347,-0.9026044972810221,Not Significant
39,-97,1443,-0.7691787578141392,Not Significant
39,-96,2547,-0.6454656119511627,Not Significant
39,-95,4933,-0.8062170594727138,Not Significant
39,-94,157,-0.6552511771002183,Not Significant
39,-93,145,-0.7581258951941091,Not Significant
39,-92,197,-0.8386700076974453,Not Significant
39,-91,122,-0.7703170059621733,Not Significant
39,-90,225,0.26596936743352356,Not Significant
39,-89,272,0.7831424959830495,Not Significant
39,-88,478,1.661262359113581,Hot Spot (90%)
39,-87,14090,0.9228802259397539,Not Significant
39,-86,3281,1.5005796073819968,Not Significant
39,-85,7842,0.3854167755446278,Not Significant
39,-84,3066,0.9018657616562604,Not Significant
39,-83,3424,0.40314229170198707,Not Significant
39,-82,706,0.8684014975548904,Not Significant
39,-81,608,1.1180927279584494,Not Significant
39,-80,1145,2.1046642313889063,Hot Spot (95%)
39,-79,2175,3.2449374116946363,Hot Spot (99%)
39,-78,7107,4.338885193177006,Hot Spot (99%)
39,-77,16149,5.796497686300878,Hot Spot (99%)
39,-76,29127,8.705308293687501,Hot Spot (99%)
39,-75,4693,11.55017727607791,Hot Spot (99%)
40,-125,571,-0.3505976331769257,Not Significant
40,-124,933,-0.28235939333848253,Not Significant
40,-123,928,0.02797924289260817,Not Significant
40,-122,950,-0.22394689774422516,Not Significant
40,-121,906,-0.4544062237230925,Not Significant
40,-120,11,-0.7787949819105678,Not Significant
40,-119,146,-1.1137185061710946,Not Significant
40,-118,294,-1.3012141504635686,Not Significant
40,-117,484,-1.1638789569383925,Not Significant
40,-116,333,-1.3016623368440492,Not Significant
40,-115,19,-1.1883777550644699,Not Significant
40,-114,4,-1.127746218460647,Not Significant
40,-113,609,-1.093116177421675,Not Significant
40,-112,2749,-1.1853033322938826,Not Significant
40,-111,109,-1.1619635486709001,Not Significant
40,-110,57,-1.1862412555274962,Not Significant
40,-109,96,-1.0428548840871104,Not Significant
40,-108,612,-0.52630506539658,Not Significant
40,-107,445,0.49069594290928126,Not Significant
40,-106,4066,0.8080575087801294,Not Significant
40,-105,4107,0.8487042485747517,Not Significant
40,-104,1160,0.39638252888924497,Not Significant
40,-103,325,-0.3884228596714181,Not Significant
40,-102,136,-1.226356285078188,Not Significant
40,-101,155,-1.3106487004786815,Not Significant
40,-100,361,-1.3421685738246543,Not Significant
40,-99,336,-1.2515643558430438,Not Significant
40,-98,381,-1.0311487339438525,Not Significant
40,-97,714,-0.8131866099350362,Not Significant
40,-96,475,-0.6319706879630937,Not Significant
40,-95,171,-0.5854646924492242,Not Significant
40,-94,342,-0.6618588340472222,Not Significant
40,-93,462,-0.7330051238200608,Not Significant
40,-92,552,-0.8582293234416609,Not Significant
40,-91,131,-0.5569469524665513,Not Significant
40,-90,949,0.9320657717253554,Not Significant
40,-89,523,1.9324330226398454,Hot Spot (90%)
40,-88,669,2.61711860428666,Hot Spot (99%)
40,-87,2697,2.6172510019763884,Hot Spot (99%)
40,-86,1621,2.4895628945862747,Hot Spot (95%)
40,-85,982,1.3604033799782913,Not Significant
40,-84,2346,1.347456162332572,Not Significant
40,-83,1603,1.4305376086364798,Not Significant
40,-82,1045,1.582413320751393,Not Significant
40,-81,15125,0.8528545532640028,Not Significant
40,-80,15591,1.5202849941080683,Not Significant
40,-79,3801,3.065664590756139,Hot Spot (99%)
40,-78,6484,5.3600164475625,Hot Spot (99%)
40,-77,14754,7.957974733391991,Hot Spot (99%)
40,-76,31295,9.083556163556572,Hot Spot (99%)
40,-75,49107,9.848868334813732,Hot Spot (99%)
40,-74,102039,6.744260005235499,Hot Spot (99%)
40,-73,1109,10.888508565259995,Hot Spot (99%)
41,-125,977,-0.5522406499826629,Not Significant
41,-124,432,-0.5380572669686574,Not Significant
41,-123,1095,-0.5658761510955096,Not Significant
41,-122,272,-0.5543545388333049,Not Significant
41,-121,298,-0.8772846581168576,Not Significant
41,-120,3,-1.1095805038915292,Not Significant
41,-119,24,-1.0272549394331085,Not Significant
41,-118,32,-1.040133658830482,Not Significant
41,-117,1,-1.0383510652749313,Not Significant
41,-116,155,-1.014957826429762,Not Significant
41,-115,562,-1.0359222379997886,Not Significant
41,-114,1,-1.097512210489142,Not Significant
41,-113,1172,-1.1249413167939053,Not Significant
41,-112,1007,-1.1096967681164027,Not Significant
41,-111,305,-1.1729355487717714,Not Significant
41,-110,449,-1.2028073831544461,Not Significant
41,-109,121,-1.2139435305030692,Not Significant
41,-108,46,-0.774937047725376,Not Significant
41,-107,56,-0.03695688848459988,Not Significant
41,-106,663,0.17305506363747106,Not Significant
41,-105,310,0.2487027778725097,Not Significant
41,-104,142,-0.09679550760468238,Not Significant
41,-103,223,-0.6950510599568741,Not Significant
41,-102,172,-1.3242450145202316,Not Significant
41,-101,147,-1.3613848718353336,Not Significant
41,-100,59,-1.3175199779569016,Not Significant
41,-99,24,-1.1952767798527628,Not Significant
41,-98,204,-1.0833697334464683,Not Significant
41,-97,1121,-0.8837323269644032,Not Significant
41,-96,2273,-0.849658650329319,Not Significant
41,-95,440,-0.6335798784657853,Not Significant
41,-94,3025,-0.6702324842734863,Not Significant
41,-93,716,-0.7433095365593885,Not Significant
41,-92,2768,-0.8099674445327875,Not Significant
41,-91,1098,0.3534858875269423,Not Significant
41,-90,587,1.3301236338696056,Not Significant
41,-89,7773,2.4040405033667045,Hot Spot (95%)
41,-88,36694,1.4842325822462854,Not Significant
41,-87,2165,3.049283526066049,Hot Spot (99%)
41,-86,4777,2.482743447925109,Hot Spot (95%)
41,-85,3247,2.0509855652894027,Hot Spot (95%)
41,-84,3808,1.2421108424270322,Not Significant
41,-83,1453,1.5992368907179448,Not Significant
41,-82,7811,1.3438079179804736,Not Significant
41,-81,2883,1.3933485319885999,Not Significant
41,-80,3045,1.4766673040781182,Not Significant
41,-79,1493,2.1751979645669337,Hot Spot (95%)
41,-78,1471,3.567832221261878,Hot Spot (99%)
41,-77,2042,5.099537985693924,Hot Spot (99%)
41,-76,8250,8.291602949792285,Hot Spot (99%)
41,-75,4797,9.70526971741737,Hot Spot (99%)
41,-74,15909,9.416544749101726,Hot Spot (99%)
41,-73,10810,7.003480559292749,Hot Spot (99%)
41,-72,6456,4.682146159991218,Hot Spot (99%)
41,-71,1095,1.3829032242487713,Not Significant
41,-70,99,0.9444709445627305,Not Significant
42,-125,275,-0.4281291760099372,Not Significant
42,-124,917,-0.4983589277904648,Not Significant
42,-123,4328,-0.622045055168931,Not Significant
42,-122,452,-0.7204925066151094,Not Significant
42,-121,254,-0.9599898142555575,Not Significant
42,-120,18,-1.1152542309970463,Not Significant
42,-119,4,-1.0045919214968315,Not Significant
42,-118,75,-0.9588781154998074,Not Significant
42,-117,6,-0.8263150214714222,Not Significant
42,-116,58,-0.924839226572793,Not Significant
42,-115,699,-1.0310738396570094,Not Significant
42,-114,437,-1.170182026029381,Not Significant
42,-113,176,-1.1310020913517993,Not Significant
42,-112,151,-1.122616800778988,Not Significant
42,-111,121,-1.1740109750486096,Not Significant
42,-110,1,-1.2447096006595317,Not Significant
42,-109,46,-1.3395601147793095,Not Significant
42,-108,6,-1.2112988653609829,Not Significant
42,-107,511,-1.1252619422971306,Not Significant
42,-106,336,-0.7856982037754647,Not Significant
42,-105,139,-0.6131081668292421,Not Significant
42,-104,42,-1.1229609120139443,Not Significant
42,-103,21,-1.2457901563514802,Not Significant
42,-102,92,-1.3407713291672352,Not Significant
42,-101,10,-1.362763528260909,Not Significant
42,-100,16,-1.342380860434352,Not Significant
42,-99,67,-1.2835568628018093,Not Significant
42,-98,168,-1.184954814199574,Not Significant
42,-97,694,-1.0996457409205487,Not Significant
42,-96,312,-0.7666152064277149,Not Significant
42,-95,350,-0.6273386201144835,Not Significant
42,-94,748,-0.5454888839105211,Not Significant
42,-93,604,-0.6639512855361591,Not Significant
42,-92,690,-0.48302331183400543,Not Significant
42,-91,631,0.04293216294703897,Not Significant
42,-90,833,1.3613008693229374,Not Significant
42,-89,7929,1.9589923112114145,Hot Spot (90%)
42,-88,21503,1.7732027209167451,Hot Spot (90%)
42,-87,1071,2.871249480921933,Hot Spot (99%)
42,-86,2738,1.8622143444172325,Hot Spot (90%)
42,-85,1784,1.2318646921696523,Not Significant
42,-84,19437,0.06578616396445151,Not Significant
42,-83,3588,1.3263804320419361,Not Significant
42,-81,588,1.5725406528876829,Not Significant
42,-80,913,1.2015641633330258,Not Significant
42,-79,4435,1.0140191997598138,Not Significant
42,-78,1067,1.7555456107930216,Hot Spot (90%)
42,-77,2244,2.859936771659669,Hot Spot (99%)
42,-76,1895,5.849762011637974,Hot Spot (99%)
42,-75,1870,6.164683917571519,Hot Spot (99%)
42,-74,5260,6.011868400593017,Hot Spot (99%)
42,-73,1479,5.279652511741411,Hot Spot (99%)
42,-72,15152,2.8458814872016434,Hot Spot (99%)
42,-71,1329,0.8066757103548483,Not Significant
43,-125,616,-0.1900044831096017,Not Significant
43,-124,1174,-0.1811467178952441,Not Significant
43,-123,620,-0.2609587995327197,Not Significant
43,-122,806,-0.4837394366478191,Not Significant
43,-121,97,-0.6689229061366837,Not Significant
43,-120,110,-0.92254650141053,Not Significant
43,-119,78,-0.9448015168785725,Not Significant
43,-118,100,-0.7758718300197378,Not Significant
43,-117,11238,-1.2791859854244279,Not Significant
43,-116,75,-0.8255125717793431,Not Significant
43,-115,155,-0.9911698832578484,Not Significant
43,-114,70,-1.0124965729144657,Not Significant
43,-113,318,-1.2013709795801353,Not Significant
43,-112,990,-1.1962476383723002,Not Significant
43,-111,474,-1.253929380395051,Not Significant
43,-110,43,-1.2826244631997794,Not Significant
43,-109,108,-1.3484492047157604,Not Significant
43,-108,34,-1.3438927745906601,Not Significant
43,-107,191,-1.353240771009315,Not Significant
43,-106,49,-1.2625594258907524,Not Significant
43,-105,78,-1.2738265452777708,Not Significant
43,-104,227,-1.342873806742733,Not Significant
43,-103,25,-1.3706894725674899,Not Significant
43,-102,156,-1.3836693789109886,Not Significant
43,-101,705,-1.4131619899187238,Not Significant
43,-100,150,-1.366448156560319,Not Significant
43,-99,77,-1.3079980057105391,Not Significant
43,-98,339,-1.224386851243871,Not Significant
43,-97,629,-1.1686996227523376,Not Significant
43,-96,327,-0.7364161012145177,Not Significant
43,-95,328,-0.5521440735173277,Not Significant
43,-94,357,-0.3925484769097105,Not Significant
43,-93,345,-0.4458853915652872,Not Significant
43,-92,789,-0.5036348959125613,Not Significant
43,-91,372,-0.43281173664904715,Not Significant
43,-90,2226,0.9110922501326933,Not Significant
43,-89,3366,1.33479911074809,Not Significant
43,-88,1217,1.7246577409113393,Hot Spot (90%)
43,-87,398,1.441090609165003,Not Significant
43,-86,602,1.1566091004955013,Not Significant
43,-85,721,0.1901321149039486,Not Significant
43,-84,814,0.7483430121910168,Not Significant
43,-83,88,0.7811083883601758,Not Significant
43,-80,246,0.555640337922509,Not Significant
43,-79,712,0.08444757418060514,Not Significant
43,-78,3146,0.09621305093588707,Not Significant
43,-77,2784,0.28644021244458506,Not Significant
43,-76,1262,0.965232259175755,Not Significant
43,-75,516,1.5302213820756234,Not Significant
43,-74,1252,2.9798648373203394,Hot Spot (99%)
43,-73,1049,0.8020972542897054,Not Significant
43,-72,1130,0.7615203394002734,Not Significant
43,-71,2271,0.1369182229412956,Not Significant
43,-70,101,-0.10718253684041622,Not Significant
44,-125,283,-0.0045744509932803415,Not Significant
44,-124,2207,-0.13771356877482815,Not Significant
44,-123,1858,0.2914755496449662,Not Significant
44,-122,2898,-0.42797838950613676,Not Significant
44,-121,341,-0.5646310426176542,Not Significant
44,-120,160,-1.0301900800053339,Not Significant
44,-119,149,-0.8427096217116323,Not Significant
44,-118,390,-0.8130349126980819,Not Significant
44,-117,700,-0.7598783921884903,Not Significant
44,-116,57,-0.9321429416094856,Not Significant
44,-115,35,-1.0327892368783558,Not Significant
44,-114,17,-1.2855408738362926,Not Significant
44,-113,26,-1.2255874273427076,Not Significant
44,-112,467,-1.2345408067082493,Not Significant
44,-111,66,-1.266811018688599,Not Significant
44,-110,144,-1.3142162180718584,Not Significant
44,-109,87,-1.3575644995408063,Not Significant
44,-108,138,-1.3789924734529302,Not Significant
44,-107,169,-1.3722465096054428,Not Significant
44,-106,77,-1.3694498389820502,Not Significant
44,-105,62,-1.3817187925047831,Not Significant
44,-104,561,-1.42292449738075,Not Significant
44,-103,2,-1.3918610363146948,Not Significant
44,-102,5,-1.3943136639103064,Not Significant
44,-101,46,-1.39010485000132,Not Significant
44,-100,62,-1.392338875033844,Not Significant
44,-99,71,-1.3440125732732122,Not Significant
44,-98,242,-1.3020477760419713,Not Significant
44,-97,155,-1.0521909058744578,Not Significant
44,-96,325,-0.7747639341061389,Not Significant
44,-95,325,-0.5467367248091437,Not Significant
44,-94,8733,-0.8041754714250171,Not Significant
44,-93,1502,-0.5639681047394176,Not Significant
44,-92,551,-0.614324365859874,Not Significant
44,-91,315,-0.5995705831698471,Not Significant
44,-90,650,-0.2652219936865024,Not Significant
44,-89,1717,-0.07552740464841669,Not Significant
44,-88,396,0.6123899124487375,Not Significant
44,-87,104,-0.2319433425741151,Not Significant
44,-86,368,-0.07181618586746319,Not Significant
44,-85,183,-0.32412716653636436,Not Significant
44,-84,61,-0.015250865891051832,Not Significant
44,-77,5,-0.12624692006806953,Not Significant
44,-76,120,-0.12436305040376622,Not Significant
44,-75,81,-0.36998929799123964,Not Significant
44,-74,823,0.019732764094833904,Not Significant
44,-73,381,-0.030494613614588564,Not Significant
44,-72,439,-0.1410226327170391,Not Significant
44,-71,857,-0.4014893457081413,Not Significant
44,-70,998,-0.5309621465522405,Not Significant
44,-69,377,-0.7933027304150951,Not Significant
44,-68,205,-0.7116665225891635,Not Significant
45,-124,1573,0.5439001133768927,Not Significant
45,-123,10556,0.06624069042703631,Not Significant
45,-122,1463,0.28768155785634775,Not Significant
45,-121,377,-0.13731448333433102,Not Significant
45,-120,435,-0.7701879726123522,Not Significant
45,-119,3238,-0.9729173719243079,Not Significant
45,-118,281,-0.8286128668810319,Not Significant
45,-117,72,-0.865957033617457,Not Significant
45,-116,17,-0.9342355964639688,Not Significant
45,-115,13,-1.05116227723506,Not Significant
45,-114,118,-1.2851416386832073,Not Significant
45,-113,645,-1.2964869285264429,Not Significant
45,-112,693,-1.279389961229665,Not Significant
45,-111,374,-1.2826881903933667,Not Significant
45,-110,104,-1.2979931827021223,Not Significant
45,-109,138,-1.3535092774894173,Not Significant
45,-108,396,-1.3936909935323998,Not Significant
45,-107,83,-1.3927111648577506,Not Significant
45,-106,8,-1.3890496787651758,Not Significant
45,-105,45,-1.3998331326505589,Not Significant
45,-104,15,-1.4130553135427641,Not Significant
45,-103,31,-1.4115353202532523,Not Significant
45,-102,35,-1.4085198200053135,Not Significant
45,-101,11,-1.4196585027939828,Not Significant
45,-100,108,-1.4016781054991094,Not Significant
45,-99,93,-1.3623431833099926,Not Significant
45,-98,18,-1.3115986476974961,Not Significant
45,-97,476,-1.167713265049912,Not Significant
45,-96,487,-0.86483134403026,Not Significant
45,-95,519,-0.6298943951177733,Not Significant
45,-94,5301,-0.7333912945741345,Not Significant
45,-93,573,-0.6112398568349924,Not Significant
45,-92,265,-0.7355581433817193,Not Significant
45,-91,115,-0.9225206715039752,Not Significant
45,-90,370,-1.0026440098446774,Not Significant
45,-89,429,-0.8462641610157607,Not Significant
45,-88,194,-0.5533371416567656,Not Significant
45,-87,6,-1.020441143191435,Not Significant
45,-86,112,-1.0097004171330748,Not Significant
45,-85,342,-0.9756035594218788,Not Significant
45,-84,10,-0.3165145659214527,Not Significant
45,-74,41,-0.6229014199243316,Not Significant
45,-73,1,-0.7231916838504192,Not Significant
45,-72,1,-0.39766533877705484,Not Significant
45,-71,17,-0.8513701005607943,Not Significant
45,-70,168,-0.8746985384827339,Not Significant
45,-69,136,-0.8269319595946807,Not Significant
45,-68,4,-0.7827265931847049,Not Significant
46,-125,48,0.5200387691025884,Not Significant
46,-124,1434,0.6349739863288049,Not Significant
46,-123,972,0.723078732157847,Not Significant
46,-122,184,0.3926950597539323,Not Significant
46,-121,477,-0.06446985065568801,Not Significant
46,-120,271,-0.955936772555707,Not Significant
46,-119,259,-1.042902127368114,Not Significant
46,-118,125,-1.0692546440686053,Not Significant
46,-117,225,-0.8996747306322465,Not Significant
46,-116,45,-1.220025052033071,Not Significant
46,-115,103,-1.2709776755741886,Not Significant
46,-114,514,-1.3103860007140145,Not Significant
46,-113,284,-1.276796923284744,Not Significant
46,-112,206,-1.259522320739868,Not Significant
46,-111,7,-1.2698283191717492,Not Significant
46,-110,567,-1.3356583787183456,Not Significant
46,-109,27,-1.3344409613356343,Not Significant
46,-108,5,-1.352678204928949,Not Significant
46,-107,8,-1.363556792545318,Not Significant
46,-106,142,-1.3831678627274737,Not Significant
46,-105,56,-1.3928133998566643,Not Significant
46,-104,24,-1.400371433873817,Not Significant
46,-103,53,-1.4075489573599145,Not Significant
46,-102,11,-1.4049796557317218,Not Significant
46,-101,115,-1.413157234203127,Not Significant
46,-100,50,-1.4034718939618722,Not Significant
46,-99,58,-1.3712087563448065,Not Significant
46,-98,12,-1.315808361383972,Not Significant
46,-97,359,-1.2707795583333383,Not Significant
46,-96,556,-0.929308088515049,Not Significant
46,-95,367,-0.7742283820835798,Not Significant
46,-94,412,-0.6672333997325801,Not Significant
46,-93,540,-0.7337245910163854,Not Significant
46,-92,251,-0.8027607287023335,Not Significant
46,-91,143,-1.0974307621910118,Not Significant
46,-90,122,-1.0362918194271264,Not Significant
46,-89,139,-1.0011459302786885,Not Significant
46,-88,15,-1.0238685977920636,Not Significant
46,-87,73,-1.005510312055124,Not Significant
46,-86,73,-0.9808556058166836,Not Significant
46,-85,49,-0.8758578367086797,Not Significant
46,-69,43,-0.7767580663172183,Not Significant
46,-68,22,-0.711058103786674,Not Significant
47,-125,336,0.4748281450332816,Not Significant
47,-124,432,0.7754204225825456,Not Significant
47,-123,22235,-0.4530938694801371,Not Significant
47,-122,1990,0.4446872660154195,Not Significant
47,-121,721,-0.01884718027882971,Not Significant
47,-120,378,-0.44085912667260674,Not Significant
47,-119,96,-0.9044371977715916,Not Significant
47,-118,1365,-1.0107435876780946,Not Significant
47,-117,1499,-1.0432715031557172,Not Significant
47,-116,577,-1.103024545605723,Not Significant
47,-115,291,-1.1063468639705831,Not Significant
47,-114,52,-1.1252723423914015,Not Significant
47,-113,31,-1.1493915215316388,Not Significant
47,-112,399,-1.1653551584647595,Not Significant
47,-111,12,-1.1694239903434247,Not Significant
47,-110,116,-1.179968348278448,Not Significant
47,-109,15,-1.2002292780323247,Not Significant
47,-108,1,-1.215951772831958,Not Significant
47,-107,404,-1.2583089117795574,Not Significant
47,-106,1,-1.245560545245217,Not Significant
47,-105,2,-1.2593449048450922,Not Significant
47,-104,67,-1.2565780892821103,Not Significant
47,-103,32,-1.2759216162761435,Not Significant
47,-102,70,-1.2793505248007397,Not Significant
47,-101,17,-1.2752504039520383,Not Significant
47,-100,26,-1.2720757819201722,Not Significant
47,-99,17,-1.2418636447948461,Not Significant
47,-98,145,-1.2026332481432445,Not Significant
47,-97,204,-1.156033065756304,Not Significant
47,-96,184,-1.004310216981965,Not Significant
47,-95,319,-0.955900465136421,Not Significant
47,-94,567,-0.7535124513016461,Not Significant
47,-93,213,-0.8923642381722943,Not Significant
47,-92,123,-0.9268977131784234,Not Significant
47,-91,67,-1.0116946813328302,Not Significant
47,-90,4,-0.964611779484931,Not Significant
47,-89,74,-0.9219632768774183,Not Significant
47,-69,18,-0.6954977747548633,Not Significant
48,-125,126,0.25502842482335686,Not Significant
48,-124,334,0.34260158088505976,Not Significant
48,-123,1625,0.5919922013162789,Not Significant
48,-122,136,0.2022045318871353,Not Significant
48,-121,161,-0.18223684636515192,Not Significant
48,-120,194,-0.8614739123762393,Not Significant
48,-119,42,-0.834510331113234,Not Significant
48,-118,132,-0.8950245299038497,Not Significant
48,-117,166,-0.9016806499084721,Not Significant
48,-116,28,-0.9151781382581055,Not Significant
48,-115,344,-0.9947089577331162,Not Significant
48,-114,126,-1.0258381409886674,Not Significant
48,-113,20,-1.0280620916719494,Not Significant
48,-112,55,-1.019379276616415,Not Significant
48,-111,55,-1.043456354847086,Not Significant
48,-110,279,-1.0706517060017775,Not Significant
48,-109,202,-1.0720677964357435,Not Significant
48,-108,85,-1.0593880695562472,Not Significant
48,-107,119,-1.0830599143160962,Not Significant
48,-106,20,-1.0891309634253632,Not Significant
48,-105,51,-1.0949653717060124,Not Significant
48,-104,212,-1.1170053488398104,Not Significant
48,-103,17,-1.1080795017285066,Not Significant
48,-102,43,-1.1137286359298517,Not Significant
48,-101,31,-1.1158879249297065,Not Significant
48,-100,7,-1.110863234828884,Not Significant
48,-99,3,-1.0919446923790717,Not Significant
48,-98,99,-1.0714802190381074,Not Significant
48,-97,187,-1.0365802519401521,Not Significant
48,-96,86,-0.9985475839250354,Not Significant
48,-95,75,-0.9434333091860364,Not Significant
48,-94,100,-0.7877578236818246,Not Significant
48,-93,16,-0.8901771712294662,Not Significant
49,-123,1,0.40416341274819534,Not Significant
